{
  "domain_ratio": 0.5,
  "w_CoSyn_400k_table": 0.6246650753288508,
  "w_docvqa": 0.5122169794545646,
  "w_pdfvqa": 0.23202166888914788,
  "w_textvqa": 0.5146158118267102,
  "w_chartqa": 0.5650547026751465,
  "w_infographic_vqa": 0.2634783845437315,
  "w_arxivqa": 0.5678627426206472,
  "w_ai2d_merged": 0.467200081334309,
  "w_Unichart": 0.17185407082067272,
  "w_LLaVA_Instruct_150K": 0.5907635455516844
}
